$oid,ownerID,body,addDate,expireDate,status
8cc129a1889dc2e57835a6ef,2fe01d6c5f1ab7afd60f375b,"Lorem ipsum dolor sit amet, consectetur adipiscing elit, sed do eiusmod tempor incididunt ut labore et dolore magna aliqua.",2020-03-06T22:03:38+0000,2021-03-06T22:03:38+0000,active
7ffd0f6f447b23f273223e2a,2fe01d6c5f1ab7afd60f375b,Viverra nibh cras pulvinar mattis. Ipsum a arcu cursus vitae congue mauris rhoncus aenean.,2020-03-07T22:03:38+0000,2021-03-06T22:03:38+0000,active
dd672e30151f1f9eded250c0,2fe01d6c5f1ab7afd60f375b,Duis ut diam quam nulla porttitor massa id.,2020-03-08T22:03:38+0000,2021-03-06T22:03:38+0000,active
4f40fffb252787de878b9e9d,2fe01d6c5f1ab7afd60f375b,Ullamcorper eget nulla facilisi etiam dignissim.,2020-03-09T22:03:38+0000,2021-03-06T22:03:38+0000,active
4e909b605bd45c035eb056dc,2fe01d6c5f1ab7afd60f375b,Nisl vel pretium lectus quam id leo in vitae turpis. In ornare quam viverra orci sagittis eu.,2020-03-10T22:03:38+0000,2021-03-06T22:03:38+0000,active
45781ee16d178e261b23888d,3a2b9370f396026fad6c4844,Sed lectus vestibulum mattis ullamcorper velit sed.,2020-03-06T22:03:38+0000,2021-03-06T22:03:38+0000,active
84559603e9fe936460ad0cce,3a2b9370f396026fad6c4844,Urna condimentum mattis pellentesque id nibh.,2020-03-07T22:03:38+0000,2021-03-06T22:03:38+0000,active
0749f425abdc3f1f1165a64e,3a2b9370f396026fad6c4844,Turpis egestas sed tempus urna et pharetra pharetra massa massa.,2020-03-08T22:03:38+0000,2021-03-06T22:03:38+0000,active
4186f8facd05f872f3987025,3a2b9370f396026fad6c4844,Sollicitudin tempor id eu nisl nunc mi ipsum.,2020-03-09T22:03:38+0000,2021-03-06T22:03:38+0000,active
186b90767d7d9c2e10ff1ecc,3a2b9370f396026fad6c4844,Nunc pulvinar sapien et ligula ullamcorper malesuada proin.,2020-03-10T22:03:38+0000,2021-03-06T22:03:38+0000,active
fbe853bafa587cea8922faf3,959245662f4685083b4aa907,"Lorem ipsum dolor sit amet, consectetur adipiscing elit, sed do eiusmod tempor incididunt ut labore et dolore magna aliqua.",2020-03-06T22:03:38+0000,2021-03-06T22:03:38+0000,active
b7f8a217fecca1ed3cb71518,959245662f4685083b4aa907,In mollis nunc sed id semper risus. ,2020-03-07T22:03:38+0000,2021-03-06T22:03:38+0000,active
cc169e86f9258c4e36d1dfec,959245662f4685083b4aa907,Quam viverra orci sagittis eu.,2020-03-08T22:03:38+0000,2021-03-06T22:03:38+0000,active
628355fcd989ae62f480b48e,959245662f4685083b4aa907,Urna duis convallis convallis tellus id interdum.,2020-03-09T22:03:38+0000,2021-03-06T22:03:38+0000,active
18a77ba367d2c8d007f301ff,959245662f4685083b4aa907,Et tortor consequat id porta nibh.,2020-03-10T22:03:38+0000,2021-03-06T22:03:38+0000,active
849e1d8ed00aad3f0acf5c7b,9bd53626c7fdda3ee1201c63,Magnis dis parturient montes nascetur ridiculus mus.,2020-03-06T22:03:38+0000,2021-03-06T22:03:38+0000,active
35c725f1348d4e51cffdb501,9bd53626c7fdda3ee1201c63,Id cursus metus aliquam eleifend mi in.,2020-03-07T22:03:38+0000,2021-03-06T22:03:38+0000,active
3793626097b82875ae9223a2,9bd53626c7fdda3ee1201c63,Cursus mattis molestie a iaculis.,2020-03-08T22:03:38+0000,2021-03-06T22:03:38+0000,active
ca9fa04703a530271c86c0a4,9bd53626c7fdda3ee1201c63,Ultrices vitae auctor eu augue ut lectus arcu.,2020-03-09T22:03:38+0000,2021-03-06T22:03:38+0000,active
6eada66720092e8cf662a7e7,9bd53626c7fdda3ee1201c63,Vitae tortor condimentum lacinia quis vel eros donec.,2020-03-10T22:03:38+0000,2021-03-06T22:03:38+0000,active
dfab2547b722ed21d288711a,ab53d13949424cf863613677,Ultrices dui sapien eget mi proin sed libero.,2020-03-06T22:03:38+0000,2021-03-06T22:03:38+0000,active
4422c8b11b114557a5dda1ae,ab53d13949424cf863613677,urpis egestas sed tempus urna et pharetra pharetra massa.,2020-03-07T22:03:38+0000,2021-03-06T22:03:38+0000,active
d5efbe31e5b7b91df54c3511,ab53d13949424cf863613677,Interdum velit laoreet id donec ultrices.,2020-03-08T22:03:38+0000,2021-03-06T22:03:38+0000,active
583d3c7f438dc044d8fec75e,ab53d13949424cf863613677,Lectus quam id leo in vitae turpis massa sed elementum.,2020-03-09T22:03:38+0000,2021-03-06T22:03:38+0000,active
fb9ef7268da5461cecb9cdd7,ab53d13949424cf863613677,Eu lobortis elementum nibh tellus molestie nunc.,2020-03-10T22:03:38+0000,2021-03-06T22:03:38+0000,active
4f255d97cece4f5e29d0f38d,2fe01d6c5f1ab7afd60f375b,Nunc faucibus a pellentesque sit amet porttitor eget dolor morbi.,2020-03-06T22:03:38+0000,2021-03-06T22:03:38+0000,draft
aa9ad06fbd65302d5f35bf9c,2fe01d6c5f1ab7afd60f375b,Non blandit massa enim nec. Magna sit amet purus gravida quis blandit.,2020-03-07T22:03:38+0000,2021-03-06T22:03:38+0000,draft
cf048ffc720170feaea4ff2d,2fe01d6c5f1ab7afd60f375b,Dui faucibus in ornare quam viverra orci sagittis.,2020-03-08T22:03:38+0000,2021-03-06T22:03:38+0000,draft
f434c88a08b2badf3cb9fb20,2fe01d6c5f1ab7afd60f375b,Molestie nunc non blandit massa enim.,2020-03-09T22:03:38+0000,2021-03-06T22:03:38+0000,draft
32a38a1a987a9ff25774e3b8,2fe01d6c5f1ab7afd60f375b,Sit amet luctus venenatis lectus magna fringilla urna porttitor rhoncus.,2020-03-10T22:03:38+0000,2021-03-06T22:03:38+0000,draft
2b2bae0d00462e32b469ee9d,3a2b9370f396026fad6c4844,Velit ut tortor pretium viverra suspendisse potenti.,2020-03-06T22:03:38+0000,2021-03-06T22:03:38+0000,draft
f87554b482d51aef28dc76fa,3a2b9370f396026fad6c4844,Quis risus sed vulputate odio ut enim blandit volutpat maecenas.,2020-03-07T22:03:38+0000,2021-03-06T22:03:38+0000,draft
67e5078ea5a66889be785cf4,3a2b9370f396026fad6c4844,Pellentesque sit amet porttitor eget dolor.,2020-03-08T22:03:38+0000,2021-03-06T22:03:38+0000,draft
889fb56035fe503ef50a6fb9,3a2b9370f396026fad6c4844,Nunc sed augue lacus viverra vitae congue eu consequat.,2020-03-09T22:03:38+0000,2021-03-06T22:03:38+0000,draft
6661b04197e33c88221d5cdd,3a2b9370f396026fad6c4844,Enim tortor at auctor urna.,2020-03-10T22:03:38+0000,2021-03-06T22:03:38+0000,draft
a7f03e24b634dc669ba523a9,959245662f4685083b4aa907,Aliquam purus sit amet luctus venenatis lectus magna.,2020-03-06T22:03:38+0000,2021-03-06T22:03:38+0000,draft
6cbdff5eab5c18999607edd7,959245662f4685083b4aa907,At auctor urna nunc id cursus metus aliquam.,2020-03-07T22:03:38+0000,2021-03-06T22:03:38+0000,draft
c3be7e7f195120438ee5b29a,959245662f4685083b4aa907,Imperdiet dui accumsan sit amet nulla.,2020-03-08T22:03:38+0000,2021-03-06T22:03:38+0000,draft
36bd1825f06c94a85fba300d,959245662f4685083b4aa907,Aliquet enim tortor at auctor urna nunc id cursus.,2020-03-09T22:03:38+0000,2021-03-06T22:03:38+0000,draft
f653e6c0421dccecdc9eda7c,959245662f4685083b4aa907,At consectetur lorem donec massa sapien.,2020-03-10T22:03:38+0000,2021-03-06T22:03:38+0000,draft
b7e56ef5674d7341ab53245a,9bd53626c7fdda3ee1201c63,Mi quis hendrerit dolor magna eget est.,2020-03-06T22:03:38+0000,2021-03-06T22:03:38+0000,draft
7bbedb0544e9a30e5fb83481,9bd53626c7fdda3ee1201c63,Morbi non arcu risus quis varius quam.,2020-03-07T22:03:38+0000,2021-03-06T22:03:38+0000,draft
4cbc0fa4140ca981bbf44da1,9bd53626c7fdda3ee1201c63,Varius duis at consectetur lorem donec.,2020-03-08T22:03:38+0000,2021-03-06T22:03:38+0000,draft
002654f5f460fabbde9779c3,9bd53626c7fdda3ee1201c63,Ultricies integer quis auctor elit sed vulputate.,2020-03-09T22:03:38+0000,2021-03-06T22:03:38+0000,draft
5ac382a8d1275161c35aaad1,9bd53626c7fdda3ee1201c63,Feugiat in ante metus dictum at tempor.,2020-03-10T22:03:38+0000,2021-03-06T22:03:38+0000,draft
066fd178c1b60cfc2eaa00bb,ab53d13949424cf863613677,Aliquet porttitor lacus luctus accumsan tortor posuere ac.,2020-03-06T22:03:38+0000,2021-03-06T22:03:38+0000,draft
2e24e2887e6c1004f7b3ed32,ab53d13949424cf863613677,Consequat mauris nunc congue nisi vitae suscipit tellus.,2020-03-07T22:03:38+0000,2021-03-06T22:03:38+0000,draft
b73d5ccf81051d9aa1ac80e1,ab53d13949424cf863613677,Magna sit amet purus gravida quis blandit.,2020-03-08T22:03:38+0000,2021-03-06T22:03:38+0000,draft
8698e3f03d5bbaafdfb38805,ab53d13949424cf863613677,Ultrices tincidunt arcu non sodales.,2020-03-09T22:03:38+0000,2021-03-06T22:03:38+0000,draft
16b615f403810cf8569525f8,ab53d13949424cf863613677,Amet mauris commodo quis imperdiet massa,2020-03-10T22:03:38+0000,2021-03-06T22:03:38+0000,draft
80add1b17c9f6f34b22ace9e,2fe01d6c5f1ab7afd60f375b,"Lorem ipsum dolor sit amet, consectetur adipiscing elit, sed do eiusmod tempor incididunt ut labore et dolore magna aliqua.",2020-03-06T22:03:38+0000,2021-03-06T22:03:38+0000,deleted
f47d082980f559220c1e52fd,2fe01d6c5f1ab7afd60f375b,Viverra nibh cras pulvinar mattis. Ipsum a arcu cursus vitae congue mauris rhoncus aenean.,2020-03-07T22:03:38+0000,2021-03-06T22:03:38+0000,deleted
f3ff81bf04e39cb35abfbad9,2fe01d6c5f1ab7afd60f375b,Duis ut diam quam nulla porttitor massa id.,2020-03-08T22:03:38+0000,2021-03-06T22:03:38+0000,deleted
6b9abecb880d7e5d397c4166,2fe01d6c5f1ab7afd60f375b,Ullamcorper eget nulla facilisi etiam dignissim.,2020-03-09T22:03:38+0000,2021-03-06T22:03:38+0000,deleted
65190ff2d42c2d5597d51c05,2fe01d6c5f1ab7afd60f375b,Nisl vel pretium lectus quam id leo in vitae turpis. In ornare quam viverra orci sagittis eu.,2020-03-10T22:03:38+0000,2021-03-06T22:03:38+0000,deleted
085dee1b34314365b353b3fe,3a2b9370f396026fad6c4844,Sed lectus vestibulum mattis ullamcorper velit sed.,2020-03-06T22:03:38+0000,2021-03-06T22:03:38+0000,deleted
b70b2257bf4085cbfc3d74a6,3a2b9370f396026fad6c4844,Urna condimentum mattis pellentesque id nibh.,2020-03-07T22:03:38+0000,2021-03-06T22:03:38+0000,deleted
1bf513e5f164b7ee3e694d7c,3a2b9370f396026fad6c4844,Turpis egestas sed tempus urna et pharetra pharetra massa massa.,2020-03-08T22:03:38+0000,2021-03-06T22:03:38+0000,deleted
6e4923e3642d14f5837cadd8,3a2b9370f396026fad6c4844,Sollicitudin tempor id eu nisl nunc mi ipsum.,2020-03-09T22:03:38+0000,2021-03-06T22:03:38+0000,deleted
e9d96bf78e3c89f2b9d31566,3a2b9370f396026fad6c4844,Nunc pulvinar sapien et ligula ullamcorper malesuada proin.,2020-03-10T22:03:38+0000,2021-03-06T22:03:38+0000,deleted
8661e8bf9141304a743c323b,959245662f4685083b4aa907,"Lorem ipsum dolor sit amet, consectetur adipiscing elit, sed do eiusmod tempor incididunt ut labore et dolore magna aliqua.",2020-03-06T22:03:38+0000,2021-03-06T22:03:38+0000,deleted
0e4842347011c5d30750a5eb,959245662f4685083b4aa907,In mollis nunc sed id semper risus. ,2020-03-07T22:03:38+0000,2021-03-06T22:03:38+0000,deleted
68772c3afebc53bc5cd93a01,959245662f4685083b4aa907,Quam viverra orci sagittis eu.,2020-03-08T22:03:38+0000,2021-03-06T22:03:38+0000,deleted
29ff815a67f8c5298a098752,959245662f4685083b4aa907,Urna duis convallis convallis tellus id interdum.,2020-03-09T22:03:38+0000,2021-03-06T22:03:38+0000,deleted
6c2b6a9493560935599caa05,959245662f4685083b4aa907,Et tortor consequat id porta nibh.,2020-03-10T22:03:38+0000,2021-03-06T22:03:38+0000,deleted
e17212ba113cab0ef6ea3a13,9bd53626c7fdda3ee1201c63,Magnis dis parturient montes nascetur ridiculus mus.,2020-03-06T22:03:38+0000,2021-03-06T22:03:38+0000,deleted
3cd0b15dfc946a7807b98c7d,9bd53626c7fdda3ee1201c63,Id cursus metus aliquam eleifend mi in.,2020-03-07T22:03:38+0000,2021-03-06T22:03:38+0000,deleted
776fbf2f44edc888acae8bba,9bd53626c7fdda3ee1201c63,Cursus mattis molestie a iaculis.,2020-03-08T22:03:38+0000,2021-03-06T22:03:38+0000,deleted
af21af817a7c92e3097bce85,9bd53626c7fdda3ee1201c63,Ultrices vitae auctor eu augue ut lectus arcu.,2020-03-09T22:03:38+0000,2021-03-06T22:03:38+0000,deleted
6afd74d944cf81d9ac87a798,9bd53626c7fdda3ee1201c63,Vitae tortor condimentum lacinia quis vel eros donec.,2020-03-10T22:03:38+0000,2021-03-06T22:03:38+0000,deleted
675a17d1a82bd3e803843799,ab53d13949424cf863613677,Ultrices dui sapien eget mi proin sed libero.,2020-03-06T22:03:38+0000,2021-03-06T22:03:38+0000,deleted
c3472499bed6d6bfaeb316c7,ab53d13949424cf863613677,urpis egestas sed tempus urna et pharetra pharetra massa.,2020-03-07T22:03:38+0000,2021-03-06T22:03:38+0000,deleted
82c114abf27e5c6877d7d32d,ab53d13949424cf863613677,Interdum velit laoreet id donec ultrices.,2020-03-08T22:03:38+0000,2021-03-06T22:03:38+0000,deleted
2987acded754a5dd2bfa6296,ab53d13949424cf863613677,Lectus quam id leo in vitae turpis massa sed elementum.,2020-03-09T22:03:38+0000,2021-03-06T22:03:38+0000,deleted
e05f8123b3811d8504903464,ab53d13949424cf863613677,Eu lobortis elementum nibh tellus molestie nunc.,2020-03-10T22:03:38+0000,2021-03-06T22:03:38+0000,deleted
5369b8e8f1215a2797d15eb4,2fe01d6c5f1ab7afd60f375b,Nunc faucibus a pellentesque sit amet porttitor eget dolor morbi.,2020-03-06T22:03:38+0000,2021-03-06T22:03:38+0000,template
4b886174104f7b094ad062ae,2fe01d6c5f1ab7afd60f375b,Non blandit massa enim nec. Magna sit amet purus gravida quis blandit.,2020-03-07T22:03:38+0000,2021-03-06T22:03:38+0000,template
ed76bd0f4299d60f3208d717,2fe01d6c5f1ab7afd60f375b,Dui faucibus in ornare quam viverra orci sagittis.,2020-03-08T22:03:38+0000,2021-03-06T22:03:38+0000,template
f135d9066e229565d21b9008,2fe01d6c5f1ab7afd60f375b,Molestie nunc non blandit massa enim.,2020-03-09T22:03:38+0000,2021-03-06T22:03:38+0000,template
fe81b8f087c42404ad3c639a,2fe01d6c5f1ab7afd60f375b,Sit amet luctus venenatis lectus magna fringilla urna porttitor rhoncus.,2020-03-10T22:03:38+0000,2021-03-06T22:03:38+0000,template
ab906c01b8e0be3ff6988d63,3a2b9370f396026fad6c4844,Velit ut tortor pretium viverra suspendisse potenti.,2020-03-06T22:03:38+0000,2021-03-06T22:03:38+0000,template
25b9c88dc5b35583f18bd609,3a2b9370f396026fad6c4844,Quis risus sed vulputate odio ut enim blandit volutpat maecenas.,2020-03-07T22:03:38+0000,2021-03-06T22:03:38+0000,template
47fc1dc17ba0de90ce3e27de,3a2b9370f396026fad6c4844,Pellentesque sit amet porttitor eget dolor.,2020-03-08T22:03:38+0000,2021-03-06T22:03:38+0000,template
13402fef13c8d1eb4fa1ecf8,3a2b9370f396026fad6c4844,Nunc sed augue lacus viverra vitae congue eu consequat.,2020-03-09T22:03:38+0000,2021-03-06T22:03:38+0000,template
0ab5d1e6632eabb1c4736a2b,3a2b9370f396026fad6c4844,Enim tortor at auctor urna.,2020-03-10T22:03:38+0000,2021-03-06T22:03:38+0000,template
c33a19854f53393c731cebf4,959245662f4685083b4aa907,Aliquam purus sit amet luctus venenatis lectus magna.,2020-03-06T22:03:38+0000,2021-03-06T22:03:38+0000,template
82ef3ec2ca65776a38e61f55,959245662f4685083b4aa907,At auctor urna nunc id cursus metus aliquam.,2020-03-07T22:03:38+0000,2021-03-06T22:03:38+0000,template
acd9ebbfab3b3b7b0d1318bb,959245662f4685083b4aa907,Imperdiet dui accumsan sit amet nulla.,2020-03-08T22:03:38+0000,2021-03-06T22:03:38+0000,template
d701a81ed66b806e26ba9b47,959245662f4685083b4aa907,Aliquet enim tortor at auctor urna nunc id cursus.,2020-03-09T22:03:38+0000,2021-03-06T22:03:38+0000,template
c7da5b472f9484d74205cf2e,959245662f4685083b4aa907,At consectetur lorem donec massa sapien.,2020-03-10T22:03:38+0000,2021-03-06T22:03:38+0000,template
bf5fe3cc4fb0e8bdc8e0a50e,9bd53626c7fdda3ee1201c63,Mi quis hendrerit dolor magna eget est.,2020-03-06T22:03:38+0000,2021-03-06T22:03:38+0000,template
057cb5e94dd63ef696a45ac8,9bd53626c7fdda3ee1201c63,Morbi non arcu risus quis varius quam.,2020-03-07T22:03:38+0000,2021-03-06T22:03:38+0000,template
ae79d31bd5af202998267d9b,9bd53626c7fdda3ee1201c63,Varius duis at consectetur lorem donec.,2020-03-08T22:03:38+0000,2021-03-06T22:03:38+0000,template
bb72d14c514efdfd902fc0ba,9bd53626c7fdda3ee1201c63,Ultricies integer quis auctor elit sed vulputate.,2020-03-09T22:03:38+0000,2021-03-06T22:03:38+0000,template
19a340d8c31d8a5ff87a1ede,9bd53626c7fdda3ee1201c63,Feugiat in ante metus dictum at tempor.,2020-03-10T22:03:38+0000,2021-03-06T22:03:38+0000,template
fdcc19b43d602ec8efd4642a,ab53d13949424cf863613677,Aliquet porttitor lacus luctus accumsan tortor posuere ac.,2020-03-06T22:03:38+0000,2021-03-06T22:03:38+0000,template
98fe8cca941faa3efb984a36,ab53d13949424cf863613677,Consequat mauris nunc congue nisi vitae suscipit tellus.,2020-03-07T22:03:38+0000,2021-03-06T22:03:38+0000,template
ed1ec304c37b6eb56c11a588,ab53d13949424cf863613677,Magna sit amet purus gravida quis blandit.,2020-03-08T22:03:38+0000,2021-03-06T22:03:38+0000,template
ea6c02ea36d507eaf7af5fe0,ab53d13949424cf863613677,Ultrices tincidunt arcu non sodales.,2020-03-09T22:03:38+0000,2021-03-06T22:03:38+0000,template
fb3f100cddc8a25a60342a83,ab53d13949424cf863613677,Amet mauris commodo quis imperdiet massa,2020-03-10T22:03:38+0000,2021-03-06T22:03:38+0000,template
